Drifting Towards Purpose,Treasure Island,The War of the Worlds,The Raven,A Little Journey,Micromegas,The Great Gatsby,Aliceâ€™s Adventures in Wonderland,The Call of the Wild,The Time Machine
None,None,None,None,None,None,None,None,None,None
alarm.mp3,None,None,None,None,None,None,None,None,None
None,None,None,None,None,None,None,None,None,None
None,None,None,None,None,None,None,None,None,None
None,None,None,None,None,None,None,None,None,None
None,None,None,None,None,None,None,None,None,None
None,None,None,None,None,None,None,None,None,None
None,None,None,None,None,None,None,None,None,None
None,None,None,None,None,None,None,None,None,None
None,None,None,None,None,None,None,None,None,None
None,None,None,None,None,None,None,None,None,None
None,None,None,None,None,None,None,None,None,None
None,None,None,None,None,None,None,None,None,None
None,None,None,None,None,None,None,None,None,None
None,None,None,None,None,None,None,None,None,None
None,None,None,None,None,None,None,None,None,None
None,None,None,None,None,None,None,None,None,None
None,None,None,None,None,None,None,None,None,None
None,None,None,None,None,None,None,None,None,None
None,None,None,None,None,None,None,None,None,None
None,None,None,None,None,None,None,None,None,None
None,None,None,None,None,None,None,None,None,None
None,None,None,None,None,None,None,None,None,None
None,None,None,None,None,None,None,None,None,None
None,None,None,None,None,None,None,None,None,None
None,None,None,None,None,None,None,None,None,None
None,None,None,None,None,None,None,None,None,None
None,None,None,None,None,None,None,None,None,None
None,None,None,None,None,None,None,None,None,None
None,None,None,None,None,None,None,None,None,None
None,None,None,None,None,None,None,None,None,None
None,None,None,None,None,None,None,None,None,None
None,None,None,None,None,None,None,None,None,None
None,None,None,None,None,None,None,None,None,None
None,None,None,None,None,None,None,None,None,None
None,None,None,None,None,None,None,None,None,None
None,None,None,None,None,None,None,None,None,None
None,None,None,None,None,None,None,None,None,None
None,None,None,None,None,None,None,None,None,None
None,None,None,None,None,None,None,None,None,None
None,None,None,None,None,None,None,None,None,None
None,None,None,None,None,None,None,None,None,None
None,None,None,None,None,None,None,None,None,None
None,None,None,None,None,None,None,None,None,None
None,None,None,None,None,None,None,None,None,None
None,None,None,None,None,None,None,None,None,None
None,None,None,None,None,None,None,None,None,None
None,None,None,None,None,None,None,None,None,None
None,None,None,None,None,None,None,None,None,None
None,None,None,None,None,None,None,None,None,None
None,None,None,None,None,None,None,None,None,None
None,None,None,None,None,None,None,None,None,None
None,None,None,None,None,None,None,None,None,None
None,None,None,None,None,None,None,None,None,None
None,None,None,None,None,None,None,None,None,None
None,None,None,None,None,None,None,None,None,None
None,None,None,None,None,None,None,None,None,None
None,None,None,None,None,None,None,None,None,None
None,None,None,None,None,None,None,None,None,None
None,None,None,None,None,None,None,None,None,None
None,None,None,None,None,None,None,None,None,None
None,None,None,None,None,None,None,None,None,None
None,None,None,None,None,None,None,None,None,None
None,None,None,None,None,None,None,None,None,None
None,None,None,None,None,None,None,None,None,None
None,None,None,None,None,None,None,None,None,None
None,None,None,None,None,None,None,None,None,None
None,None,None,None,None,None,None,None,None,None
None,None,None,None,None,None,None,None,None,None
None,None,None,None,None,None,None,None,None,None
None,None,None,None,None,None,None,None,None,None
None,None,None,None,None,None,None,None,None,None
None,None,None,None,None,None,None,None,None,None
None,None,None,None,None,None,None,None,None,None
None,None,None,None,None,None,None,None,None,None
None,None,None,None,None,None,None,None,None,None
None,None,None,None,None,None,None,None,None,None
None,None,None,None,None,None,None,None,None,None
None,None,None,None,None,None,None,None,None,None
None,None,None,None,None,None,None,None,None,None
None,None,None,None,None,None,None,None,None,None
None,None,None,None,None,None,None,None,None,None
None,None,None,None,None,None,None,None,None,None
None,None,None,None,None,None,None,None,None,None
None,None,None,None,None,None,None,None,None,None
None,None,None,None,None,None,None,None,None,None
None,None,None,None,None,None,None,None,None,None
None,None,None,None,None,None,None,None,None,None
None,None,None,None,None,None,None,None,None,None
None,None,None,None,None,None,None,None,None,None
None,None,None,None,None,None,None,None,None,None
None,None,None,None,None,None,None,None,None,None
None,None,None,None,None,None,None,None,None,None
None,None,None,None,None,None,None,None,None,None
None,None,None,None,None,None,None,None,None,None
None,None,None,None,None,None,None,None,None,None
None,None,None,None,None,None,None,None,None,None
None,None,None,None,None,None,None,None,None,None
None,None,None,None,None,None,None,None,None,None
None,None,None,None,None,None,None,None,None,None
None,None,None,None,None,None,None,None,None,None
None,None,None,None,None,None,None,None,None,None
None,None,None,None,None,None,None,None,None,None
None,None,None,None,None,None,None,None,None,None
None,None,None,None,None,None,None,None,None,None
None,None,None,None,None,None,None,None,None,None
None,None,None,None,None,None,None,None,None,None
None,None,None,None,None,None,None,None,None,None
None,None,None,None,None,None,None,None,None,None
None,None,None,None,None,None,None,None,None,None
None,None,None,None,None,None,None,None,None,None
None,None,None,None,None,None,None,None,None,None
None,None,None,None,None,None,None,None,None,None
None,None,None,None,None,None,None,None,None,None
None,None,None,None,None,None,None,None,None,None
None,None,None,None,None,None,None,None,None,None
None,None,None,None,None,None,None,None,None,None
None,None,None,None,None,None,None,None,None,None
None,None,None,None,None,None,None,None,None,None
None,None,None,None,None,None,None,None,None,None
None,None,None,None,None,None,None,None,None,None
None,None,None,None,None,None,None,None,None,None
None,None,None,None,None,None,None,None,None,None
None,None,None,None,None,None,None,None,None,None
None,None,None,None,None,None,None,None,None,None
None,None,None,None,None,None,None,None,None,None
None,None,None,None,None,None,None,None,None,None
None,None,None,None,None,None,None,None,None,None
None,None,None,None,None,None,None,None,None,None
None,None,None,None,None,None,None,None,None,None
None,None,None,None,None,None,None,None,None,None
None,None,None,None,None,None,None,None,None,None
None,None,None,None,None,None,None,None,None,None
None,None,None,None,None,None,None,None,None,None
None,None,None,None,None,None,None,None,None,None
None,None,None,None,None,None,None,None,None,None
None,None,None,None,None,None,None,None,None,None
None,None,None,None,None,None,None,None,None,None
None,None,None,None,None,None,None,None,None,None
None,None,None,None,None,None,None,None,None,None
None,None,None,None,None,None,None,None,None,None
None,None,None,None,None,None,None,None,None,None
None,None,None,None,None,None,None,None,None,None
None,None,None,None,None,None,None,None,None,None
None,None,None,None,None,None,None,None,None,None
None,None,None,None,None,None,None,None,None,None
None,None,None,None,None,None,None,None,None,None
None,None,None,None,None,None,None,None,None,None
None,None,None,None,None,None,None,None,None,None
None,None,None,None,None,None,None,None,None,None
None,None,None,None,None,None,None,None,None,None
None,None,None,None,None,None,None,None,None,None
None,None,None,None,None,None,None,None,None,None
None,None,None,None,None,None,None,None,None,None
None,None,None,None,None,None,None,None,None,None
None,None,None,None,None,None,None,None,None,None
None,None,None,None,None,None,None,None,None,None
None,None,None,None,None,None,None,None,None,None
None,None,None,None,None,None,None,None,None,None
None,None,None,None,None,None,None,None,None,None
None,None,None,None,None,None,None,None,None,None
None,None,None,None,None,None,None,None,None,None
None,None,None,None,None,None,None,None,None,None
None,None,None,None,None,None,None,None,None,None
None,None,None,None,None,None,None,None,None,None
None,None,None,None,None,None,None,None,None,None
None,None,None,None,None,None,None,None,None,None
None,None,None,None,None,None,None,None,None,None
None,None,None,None,None,None,None,None,None,None
None,None,None,None,None,None,None,None,None,None
None,None,None,None,None,None,None,None,None,None
None,None,None,None,None,None,None,None,None,None
None,None,None,None,None,None,None,None,None,None
None,None,None,None,None,None,None,None,None,None
None,None,None,None,None,None,None,None,None,None
None,None,None,None,None,None,None,None,None,None
None,None,None,None,None,None,None,None,None,None
None,None,None,None,None,None,None,None,None,None
None,None,None,None,None,None,None,None,None,None
None,None,None,None,None,None,None,None,None,None
None,None,None,None,None,None,None,None,None,None
None,None,None,None,None,None,None,None,None,None
None,None,None,None,None,None,None,None,None,None
None,None,None,None,None,None,None,None,None,None
None,None,None,None,None,None,None,None,None,None
None,None,None,None,None,None,None,None,None,None
None,None,None,None,None,None,None,None,None,None
None,None,None,None,None,None,None,None,None,None
None,None,None,None,None,None,None,None,None,None
None,None,None,None,None,None,None,None,None,None
None,None,None,None,None,None,None,None,None,None
None,None,None,None,None,None,None,None,None,None
None,None,None,None,None,None,None,None,None,None
None,None,None,None,None,None,None,None,None,None
None,None,None,None,None,None,None,None,None,None
None,None,None,None,None,None,None,None,None,None
None,None,None,None,None,None,None,None,None,None
None,None,None,None,None,None,None,None,None,None
None,None,None,None,None,None,None,None,None,None
None,None,None,None,None,None,None,None,None,None
None,None,None,None,None,None,None,None,None,None
None,None,None,None,None,None,None,None,None,None
None,None,None,None,None,None,None,None,None,None
None,None,None,None,None,None,None,None,None,None
None,None,None,None,None,None,None,None,None,None
None,None,None,None,None,None,None,None,None,None
None,None,None,None,None,None,None,None,None,None
None,None,None,None,None,None,None,None,None,None
None,None,None,None,None,None,None,None,None,None
None,None,None,None,None,None,None,None,None,None
None,None,None,None,None,None,None,None,None,None
None,None,None,None,None,None,None,None,None,None
None,None,None,None,None,None,None,None,None,None
None,None,None,None,None,None,None,None,None,None
None,None,None,None,None,None,None,None,None,None
None,None,None,None,None,None,None,None,None,None
None,None,None,None,None,None,None,None,None,None
None,None,None,None,None,None,None,None,None,None
None,None,None,None,None,None,None,None,None,None
None,None,None,None,None,None,None,None,None,None
None,None,None,None,None,None,None,None,None,None
None,None,None,None,None,None,None,None,None,None
None,None,None,None,None,None,None,None,None,None
None,None,None,None,None,None,None,None,None,None
None,None,None,None,None,None,None,None,None,None
None,None,None,None,None,None,None,None,None,None
None,None,None,None,None,None,None,None,None,None
None,None,None,None,None,None,None,None,None,None
None,None,None,None,None,None,None,None,None,None
None,None,None,None,None,None,None,None,None,None
None,None,None,None,None,None,None,None,None,None
None,None,None,None,None,None,None,None,None,None
None,None,None,None,None,None,None,None,None,None
None,None,None,None,None,None,None,None,None,None
None,None,None,None,None,None,None,None,None,None
None,None,None,None,None,None,None,None,None,None
None,None,None,None,None,None,None,None,None,None
None,None,None,None,None,None,None,None,None,None
None,None,None,None,None,None,None,None,None,None
None,None,None,None,None,None,None,None,None,None
None,None,None,None,None,None,None,None,None,None
None,None,None,None,None,None,None,None,None,None
None,None,None,None,None,None,None,None,None,None
None,None,None,None,None,None,None,None,None,None
None,None,None,None,None,None,None,None,None,None
None,None,None,None,None,None,None,None,None,None
None,None,None,None,None,None,None,None,None,None
None,None,None,None,None,None,None,None,None,None
None,None,None,None,None,None,None,None,None,None
None,None,None,None,None,None,None,None,None,None
None,None,None,None,None,None,None,None,None,None
None,None,None,None,None,None,None,None,None,None
None,None,None,None,None,None,None,None,None,None
None,None,None,None,None,None,None,None,None,None
None,None,None,None,None,None,None,None,None,None
None,None,None,None,None,None,None,None,None,None
None,None,None,None,None,None,None,None,None,None
None,None,None,None,None,None,None,None,None,None
None,None,None,None,None,None,None,None,None,None
None,None,None,None,None,None,None,None,None,None
None,None,None,None,None,None,None,None,None,None
None,None,None,None,None,None,None,None,None,None
None,None,None,None,None,None,None,None,None,None
None,None,None,None,None,None,None,None,None,None
None,None,None,None,None,None,None,None,None,None
None,None,None,None,None,None,None,None,None,None
None,None,None,None,None,None,None,None,None,None
None,None,None,None,None,None,None,None,None,None
None,None,None,None,None,None,None,None,None,None
None,None,None,None,None,None,None,None,None,None
None,None,None,None,None,None,None,None,None,None
None,None,None,None,None,None,None,None,None,None
None,None,None,None,None,None,None,None,None,None
None,None,None,None,None,None,None,None,None,None
None,None,None,None,None,None,None,None,None,None
None,None,None,None,None,None,None,None,None,None
None,None,None,None,None,None,None,None,None,None
None,None,None,None,None,None,None,None,None,None
None,None,None,None,None,None,None,None,None,None
None,None,None,None,None,None,None,None,None,None
None,None,None,None,None,None,None,None,None,None
None,None,None,None,None,None,None,None,None,None
None,None,None,None,None,None,None,None,None,None
None,None,None,None,None,None,None,None,None,None
None,None,None,None,None,None,None,None,None,None
None,None,None,None,None,None,None,None,None,None
None,None,None,None,None,None,None,None,None,None
None,None,None,None,None,None,None,None,None,None
None,None,None,None,None,None,None,None,None,None
None,None,None,None,None,None,None,None,None,None
None,None,None,None,None,None,None,None,None,None
None,None,None,None,None,None,None,None,None,None
None,None,None,None,None,None,None,None,None,None
None,None,None,None,None,None,None,None,None,None
None,None,None,None,None,None,None,None,None,None
None,None,None,None,None,None,None,None,None,None
None,None,None,None,None,None,None,None,None,None
None,None,None,None,None,None,None,None,None,None
None,None,None,None,None,None,None,None,None,None
None,None,None,None,None,None,None,None,None,None
None,None,None,None,None,None,None,None,None,None
None,None,None,None,None,None,None,None,None,None
None,None,None,None,None,None,None,None,None,None
None,None,None,None,None,None,None,None,None,None
None,None,None,None,None,None,None,None,None,None
None,None,None,None,None,None,None,None,None,None
None,None,None,None,None,None,None,None,None,None
None,None,None,None,None,None,None,None,None,None
None,None,None,None,None,None,None,None,None,None
None,None,None,None,None,None,None,None,None,None
None,None,None,None,None,None,None,None,None,None
None,None,None,None,None,None,None,None,None,None
None,None,None,None,None,None,None,None,None,None
None,None,None,None,None,None,None,None,None,None
None,None,None,None,None,None,None,None,None,None
None,None,None,None,None,None,None,None,None,None
None,None,None,None,None,None,None,None,None,None
None,None,None,None,None,None,None,None,None,None
None,None,None,None,None,None,None,None,None,None
None,None,None,None,None,None,None,None,None,None
None,None,None,None,None,None,None,None,None,None
None,None,None,None,None,None,None,None,None,None
None,None,None,None,None,None,None,None,None,None
None,None,None,None,None,None,None,None,None,None
None,None,None,None,None,None,None,None,None,None
None,None,None,None,None,None,None,None,None,None
None,None,None,None,None,None,None,None,None,None
None,None,None,None,None,None,None,None,None,None
None,None,None,None,None,None,None,None,None,None
None,None,None,None,None,None,None,None,None,None
None,None,None,None,None,None,None,None,None,None
None,None,None,None,None,None,None,None,None,None
None,None,None,None,None,None,None,None,None,None
None,None,None,None,None,None,None,None,None,None
None,None,None,None,None,None,None,None,None,None
None,None,None,None,None,None,None,None,None,None
None,None,None,None,None,None,None,None,None,None
None,None,None,None,None,None,None,None,None,None
None,None,None,None,None,None,None,None,None,None
None,None,None,None,None,None,None,None,None,None
None,None,None,None,None,None,None,None,None,None
None,None,None,None,None,None,None,None,None,None
None,None,None,None,None,None,None,None,None,None
None,None,None,None,None,None,None,None,None,None
None,None,None,None,None,None,None,None,None,None
None,None,None,None,None,None,None,None,None,None
None,None,None,None,None,None,None,None,None,None
None,None,None,None,None,None,None,None,None,None
None,None,None,None,None,None,None,None,None,None
None,None,None,None,None,None,None,None,None,None
None,None,None,None,None,None,None,None,None,None
None,None,None,None,None,None,None,None,None,None
None,None,None,None,None,None,None,None,None,None
None,None,None,None,None,None,None,None,None,None
None,None,None,None,None,None,None,None,None,None
None,None,None,None,None,None,None,None,None,None
None,None,None,None,None,None,None,None,None,None
None,None,None,None,None,None,None,None,None,None
None,None,None,None,None,None,None,None,None,None
None,None,None,None,None,None,None,None,None,None
None,None,None,None,None,None,None,None,None,None
None,None,None,None,None,None,None,None,None,None
None,None,None,None,None,None,None,None,None,None
None,None,None,None,None,None,None,None,None,None
None,None,None,None,None,None,None,None,None,None
None,None,None,None,None,None,None,None,None,None
None,None,None,None,None,None,None,None,None,None
None,None,None,None,None,None,None,None,None,None
None,None,None,None,None,None,None,None,None,None
None,None,None,None,None,None,None,None,None,None
None,None,None,None,None,None,None,None,None,None
None,None,None,None,None,None,None,None,None,None
None,None,None,None,None,None,None,None,None,None
None,None,None,None,None,None,None,None,None,None
None,None,None,None,None,None,None,None,None,None
None,None,None,None,None,None,None,None,None,None
None,None,None,None,None,None,None,None,None,None
None,None,None,None,None,None,None,None,None,None
None,None,None,None,None,None,None,None,None,None
None,None,None,None,None,None,None,None,None,None
None,None,None,None,None,None,None,None,None,None
None,None,None,None,None,None,None,None,None,None
None,None,None,None,None,None,None,None,None,None
None,None,None,None,None,None,None,None,None,None
None,None,None,None,None,None,None,None,None,None
None,None,None,None,None,None,None,None,None,None
None,None,None,None,None,None,None,None,None,None
None,None,None,None,None,None,None,None,None,None
None,None,None,None,None,None,None,None,None,None
None,None,None,None,None,None,None,None,None,None
None,None,None,None,None,None,None,None,None,None
None,None,None,None,None,None,None,None,None,None
None,None,None,None,None,None,None,None,None,None
None,None,None,None,None,None,None,None,None,None
None,None,None,None,None,None,None,None,None,None
None,None,None,None,None,None,None,None,None,None
None,None,None,None,None,None,None,None,None,None
None,None,None,None,None,None,None,None,None,None
None,None,None,None,None,None,None,None,None,None
None,None,None,None,None,None,None,None,None,None
None,None,None,None,None,None,None,None,None,None
None,None,None,None,None,None,None,None,None,None
None,None,None,None,None,None,None,None,None,None
None,None,None,None,None,None,None,None,None,None
None,None,None,None,None,None,None,None,None,None
None,None,None,None,None,None,None,None,None,None
None,None,None,None,None,None,None,None,None,None
None,None,None,None,None,None,None,None,None,None
None,None,None,None,None,None,None,None,None,None
None,None,None,None,None,None,None,None,None,None
None,None,None,None,None,None,None,None,None,None
None,None,None,None,None,None,None,None,None,None
None,None,None,None,None,None,None,None,None,None
None,None,None,None,None,None,None,None,None,None
None,None,None,None,None,None,None,None,None,None
None,None,None,None,None,None,None,None,None,None
None,None,None,None,None,None,None,None,None,None
None,None,None,None,None,None,None,None,None,None
None,None,None,None,None,None,None,None,None,None
None,None,None,None,None,None,None,None,None,None
None,None,None,None,None,None,None,None,None,None
None,None,None,None,None,None,None,None,None,None
None,None,None,None,None,None,None,None,None,None
None,None,None,None,None,None,None,None,None,None
None,None,None,None,None,None,None,None,None,None
None,None,None,None,None,None,None,None,None,None
None,None,None,None,None,None,None,None,None,None
None,None,None,None,None,None,None,None,None,None
None,None,None,None,None,None,None,None,None,None
None,None,None,None,None,None,None,None,None,None
None,None,None,None,None,None,None,None,None,None
None,None,None,None,None,None,None,None,None,None
None,None,None,None,None,None,None,None,None,None
None,None,None,None,None,None,None,None,None,None
None,None,None,None,None,None,None,None,None,None
None,None,None,None,None,None,None,None,None,None
None,None,None,None,None,None,None,None,None,None
None,None,None,None,None,None,None,None,None,None
None,None,None,None,None,None,None,None,None,None
None,None,None,None,None,None,None,None,None,None
None,None,None,None,None,None,None,None,None,None
None,None,None,None,None,None,None,None,None,None
None,None,None,None,None,None,None,None,None,None
None,None,None,None,None,None,None,None,None,None
None,None,None,None,None,None,None,None,None,None
None,None,None,None,None,None,None,None,None,None
None,None,None,None,None,None,None,None,None,None
None,None,None,None,None,None,None,None,None,None
None,None,None,None,None,None,None,None,None,None
None,None,None,None,None,None,None,None,None,None
None,None,None,None,None,None,None,None,None,None
None,None,None,None,None,None,None,None,None,None
None,None,None,None,None,None,None,None,None,None
None,None,None,None,None,None,None,None,None,None
None,None,None,None,None,None,None,None,None,None
None,None,None,None,None,None,None,None,None,None
None,None,None,None,None,None,None,None,None,None
None,None,None,None,None,None,None,None,None,None
None,None,None,None,None,None,None,None,None,None
None,None,None,None,None,None,None,None,None,None
None,None,None,None,None,None,None,None,None,None
None,None,None,None,None,None,None,None,None,None
None,None,None,None,None,None,None,None,None,None
None,None,None,None,None,None,None,None,None,None
None,None,None,None,None,None,None,None,None,None
None,None,None,None,None,None,None,None,None,None
None,None,None,None,None,None,None,None,None,None
None,None,None,None,None,None,None,None,None,None
None,None,None,None,None,None,None,None,None,None
None,None,None,None,None,None,None,None,None,None
None,None,None,None,None,None,None,None,None,None
None,None,None,None,None,None,None,None,None,None
None,None,None,None,None,None,None,None,None,None
None,None,None,None,None,None,None,None,None,None
None,None,None,None,None,None,None,None,None,None
None,None,None,None,None,None,None,None,None,None
None,None,None,None,None,None,None,None,None,None
None,None,None,None,None,None,None,None,None,None
None,None,None,None,None,None,None,None,None,None
None,None,None,None,None,None,None,None,None,None
None,None,None,None,None,None,None,None,None,None
None,None,None,None,None,None,None,None,None,None
None,None,None,None,None,None,None,None,None,None
None,None,None,None,None,None,None,None,None,None
None,None,None,None,None,None,None,None,None,None
None,None,None,None,None,None,None,None,None,None
None,None,None,None,None,None,None,None,None,None
None,None,None,None,None,None,None,None,None,None
None,None,None,None,None,None,None,None,None,None
None,None,None,None,None,None,None,None,None,None
None,None,None,None,None,None,None,None,None,None
None,None,None,None,None,None,None,None,None,None
None,None,None,None,None,None,None,None,None,None
None,None,None,None,None,None,None,None,None,None
None,None,None,None,None,None,None,None,None,None
None,None,None,None,None,None,None,None,None,None
None,None,None,None,None,None,None,None,None,None
None,None,None,None,None,None,None,None,None,None
None,None,None,None,None,None,None,None,None,None
None,None,None,None,None,None,None,None,None,None
None,None,None,None,None,None,None,None,None,None
None,None,None,None,None,None,None,None,None,None
None,None,None,None,None,None,None,None,None,None
None,None,None,None,None,None,None,None,None,None
None,None,None,None,None,None,None,None,None,None
None,None,None,None,None,None,None,None,None,None
None,None,None,None,None,None,None,None,None,None
None,None,None,None,None,None,None,None,None,None
None,None,None,None,None,None,None,None,None,None
None,None,None,None,None,None,None,None,None,None
None,None,None,None,None,None,None,None,None,None
None,None,None,None,None,None,None,None,None,None
None,None,None,None,None,None,None,None,None,None
None,None,None,None,None,None,None,None,None,None
None,None,None,None,None,None,None,None,None,None
None,None,None,None,None,None,None,None,None,None
None,None,None,None,None,None,None,None,None,None
None,None,None,None,None,None,None,None,None,None
None,None,None,None,None,None,None,None,None,None
None,None,None,None,None,None,None,None,None,None
None,None,None,None,None,None,None,None,None,None
None,None,None,None,None,None,None,None,None,None
None,None,None,None,None,None,None,None,None,None
None,None,None,None,None,None,None,None,None,None
None,None,None,None,None,None,None,None,None,None
None,None,None,None,None,None,None,None,None,None
None,None,None,None,None,None,None,None,None,None
None,None,None,None,None,None,None,None,None,None
None,None,None,None,None,None,None,None,None,None
None,None,None,None,None,None,None,None,None,None
None,None,None,None,None,None,None,None,None,None
None,None,None,None,None,None,None,None,None,None
None,None,None,None,None,None,None,None,None,None
None,None,None,None,None,None,None,None,None,None
None,None,None,None,None,None,None,None,None,None
None,None,None,None,None,None,None,None,None,None
None,None,None,None,None,None,None,None,None,None
None,None,None,None,None,None,None,None,None,None
None,None,None,None,None,None,None,None,None,None
None,None,None,None,None,None,None,None,None,None
None,None,None,None,None,None,None,None,None,None
None,None,None,None,None,None,None,None,None,None
None,None,None,None,None,None,None,None,None,None
None,None,None,None,None,None,None,None,None,None
None,None,None,None,None,None,None,None,None,None
None,None,None,None,None,None,None,None,None,None
None,None,None,None,None,None,None,None,None,None
None,None,None,None,None,None,None,None,None,None
None,None,None,None,None,None,None,None,None,None
None,None,None,None,None,None,None,None,None,None
None,None,None,None,None,None,None,None,None,None
None,None,None,None,None,None,None,None,None,None
None,None,None,None,None,None,None,None,None,None
None,None,None,None,None,None,None,None,None,None
None,None,None,None,None,None,None,None,None,None
None,None,None,None,None,None,None,None,None,None
None,None,None,None,None,None,None,None,None,None
None,None,None,None,None,None,None,None,None,None
None,None,None,None,None,None,None,None,None,None
None,None,None,None,None,None,None,None,None,None
None,None,None,None,None,None,None,None,None,None
None,None,None,None,None,None,None,None,None,None
None,None,None,None,None,None,None,None,None,None
None,None,None,None,None,None,None,None,None,None
None,None,None,None,None,None,None,None,None,None
None,None,None,None,None,None,None,None,None,None
None,None,None,None,None,None,None,None,None,None
None,None,None,None,None,None,None,None,None,None
None,None,None,None,None,None,None,None,None,None
None,None,None,None,None,None,None,None,None,None
None,None,None,None,None,None,None,None,None,None
None,None,None,None,None,None,None,None,None,None
None,None,None,None,None,None,None,None,None,None
None,None,None,None,None,None,None,None,None,None
None,None,None,None,None,None,None,None,None,None
None,None,None,None,None,None,None,None,None,None
None,None,None,None,None,None,None,None,None,None
None,None,None,None,None,None,None,None,None,None
None,None,None,None,None,None,None,None,None,None
None,None,None,None,None,None,None,None,None,None
None,None,None,None,None,None,None,None,None,None
None,None,None,None,None,None,None,None,None,None
None,None,None,None,None,None,None,None,None,None
None,None,None,None,None,None,None,None,None,None
None,None,None,None,None,None,None,None,None,None
None,None,None,None,None,None,None,None,None,None
None,None,None,None,None,None,None,None,None,None
None,None,None,None,None,None,None,None,None,None
None,None,None,None,None,None,None,None,None,None
None,None,None,None,None,None,None,None,None,None
None,None,None,None,None,None,None,None,None,None
None,None,None,None,None,None,None,None,None,None
None,None,None,None,None,None,None,None,None,None
None,None,None,None,None,None,None,None,None,None
None,None,None,None,None,None,None,None,None,None
None,None,None,None,None,None,None,None,None,None
None,None,None,None,None,None,None,None,None,None
None,None,None,None,None,None,None,None,None,None
None,None,None,None,None,None,None,None,None,None
None,None,None,None,None,None,None,None,None,None
None,None,None,None,None,None,None,None,None,None
None,None,None,None,None,None,None,None,None,None
None,None,None,None,None,None,None,None,None,None
None,None,None,None,None,None,None,None,None,None
None,None,None,None,None,None,None,None,None,None
None,None,None,None,None,None,None,None,None,None
None,None,None,None,None,None,None,None,None,None
None,None,None,None,None,None,None,None,None,None
None,None,None,None,None,None,None,None,None,None
None,None,None,None,None,None,None,None,None,None
None,None,None,None,None,None,None,None,None,None
None,None,None,None,None,None,None,None,None,None
None,None,None,None,None,None,None,None,None,None
None,None,None,None,None,None,None,None,None,None
None,None,None,None,None,None,None,None,None,None
None,None,None,None,None,None,None,None,None,None
None,None,None,None,None,None,None,None,None,None
None,None,None,None,None,None,None,None,None,None
None,None,None,None,None,None,None,None,None,None
None,None,None,None,None,None,None,None,None,None
None,None,None,None,None,None,None,None,None,None
None,None,None,None,None,None,None,None,None,None
None,None,None,None,None,None,None,None,None,None
None,None,None,None,None,None,None,None,None,None
None,None,None,None,None,None,None,None,None,None
None,None,None,None,None,None,None,None,None,None
None,None,None,None,None,None,None,None,None,None
None,None,None,None,None,None,None,None,None,None
None,None,None,None,None,None,None,None,None,None
None,None,None,None,None,None,None,None,None,None
None,None,None,None,None,None,None,None,None,None
None,None,None,None,None,None,None,None,None,None
None,None,None,None,None,None,None,None,None,None
None,None,None,None,None,None,None,None,None,None
None,None,None,None,None,None,None,None,None,None
None,None,None,None,None,None,None,None,None,None
None,None,None,None,None,None,None,None,None,None
None,None,None,None,None,None,None,None,None,None
None,None,None,None,None,None,None,None,None,None
None,None,None,None,None,None,None,None,None,None
None,None,None,None,None,None,None,None,None,None
None,None,None,None,None,None,None,None,None,None
None,None,None,None,None,None,None,None,None,None
None,None,None,None,None,None,None,None,None,None
None,None,None,None,None,None,None,None,None,None
None,None,None,None,None,None,None,None,None,None
None,None,None,None,None,None,None,None,None,None
None,None,None,None,None,None,None,None,None,None
None,None,None,None,None,None,None,None,None,None
None,None,None,None,None,None,None,None,None,None
None,None,None,None,None,None,None,None,None,None
None,None,None,None,None,None,None,None,None,None
None,None,None,None,None,None,None,None,None,None
None,None,None,None,None,None,None,None,None,None
None,None,None,None,None,None,None,None,None,None
None,None,None,None,None,None,None,None,None,None
None,None,None,None,None,None,None,None,None,None
None,None,None,None,None,None,None,None,None,None
None,None,None,None,None,None,None,None,None,None
None,None,None,None,None,None,None,None,None,None
None,None,None,None,None,None,None,None,None,None
None,None,None,None,None,None,None,None,None,None
None,None,None,None,None,None,None,None,None,None
None,None,None,None,None,None,None,None,None,None
None,None,None,None,None,None,None,None,None,None
None,None,None,None,None,None,None,None,None,None
None,None,None,None,None,None,None,None,None,None
None,None,None,None,None,None,None,None,None,None
None,None,None,None,None,None,None,None,None,None
None,None,None,None,None,None,None,None,None,None
None,None,None,None,None,None,None,None,None,None
None,None,None,None,None,None,None,None,None,None
None,None,None,None,None,None,None,None,None,None
None,None,None,None,None,None,None,None,None,None
None,None,None,None,None,None,None,None,None,None
None,None,None,None,None,None,None,None,None,None
None,None,None,None,None,None,None,None,None,None
None,None,None,None,None,None,None,None,None,None
None,None,None,None,None,None,None,None,None,None
None,None,None,None,None,None,None,None,None,None
None,None,None,None,None,None,None,None,None,None
None,None,None,None,None,None,None,None,None,None
None,None,None,None,None,None,None,None,None,None
None,None,None,None,None,None,None,None,None,None
None,None,None,None,None,None,None,None,None,None
None,None,None,None,None,None,None,None,None,None
None,None,None,None,None,None,None,None,None,None
None,None,None,None,None,None,None,None,None,None
None,None,None,None,None,None,None,None,None,None
None,None,None,None,None,None,None,None,None,None
None,None,None,None,None,None,None,None,None,None
None,None,None,None,None,None,None,None,None,None
None,None,None,None,None,None,None,None,None,None
None,None,None,None,None,None,None,None,None,None
None,None,None,None,None,None,None,None,None,None
None,None,None,None,None,None,None,None,None,None
None,None,None,None,None,None,None,None,None,None
None,None,None,None,None,None,None,None,None,None
None,None,None,None,None,None,None,None,None,None
None,None,None,None,None,None,None,None,None,None
None,None,None,None,None,None,None,None,None,None
None,None,None,None,None,None,None,None,None,None
None,None,None,None,None,None,None,None,None,None
None,None,None,None,None,None,None,None,None,None
None,None,None,None,None,None,None,None,None,None
None,None,None,None,None,None,None,None,None,None
None,None,None,None,None,None,None,None,None,None
None,None,None,None,None,None,None,None,None,None
None,None,None,None,None,None,None,None,None,None
None,None,None,None,None,None,None,None,None,None
None,None,None,None,None,None,None,None,None,None
None,None,None,None,None,None,None,None,None,None
None,None,None,None,None,None,None,None,None,None
None,None,None,None,None,None,None,None,None,None
None,None,None,None,None,None,None,None,None,None
None,None,None,None,None,None,None,None,None,None
None,None,None,None,None,None,None,None,None,None
None,None,None,None,None,None,None,None,None,None
None,None,None,None,None,None,None,None,None,None
None,None,None,None,None,None,None,None,None,None
None,None,None,None,None,None,None,None,None,None
None,None,None,None,None,None,None,None,None,None
None,None,None,None,None,None,None,None,None,None
None,None,None,None,None,None,None,None,None,None
None,None,None,None,None,None,None,None,None,None
None,None,None,None,None,None,None,None,None,None
None,None,None,None,None,None,None,None,None,None
None,None,None,None,None,None,None,None,None,None
None,None,None,None,None,None,None,None,None,None
None,None,None,None,None,None,None,None,None,None
None,None,None,None,None,None,None,None,None,None
None,None,None,None,None,None,None,None,None,None
None,None,None,None,None,None,None,None,None,None
None,None,None,None,None,None,None,None,None,None
None,None,None,None,None,None,None,None,None,None
None,None,None,None,None,None,None,None,None,None
None,None,None,None,None,None,None,None,None,None
None,None,None,None,None,None,None,None,None,None
None,None,None,None,None,None,None,None,None,None
None,None,None,None,None,None,None,None,None,None
None,None,None,None,None,None,None,None,None,None
None,None,None,None,None,None,None,None,None,None
None,None,None,None,None,None,None,None,None,None
None,None,None,None,None,None,None,None,None,None
None,None,None,None,None,None,None,None,None,None
None,None,None,None,None,None,None,None,None,None
None,None,None,None,None,None,None,None,None,None
None,None,None,None,None,None,None,None,None,None
None,None,None,None,None,None,None,None,None,None
None,None,None,None,None,None,None,None,None,None
None,None,None,None,None,None,None,None,None,None
None,None,None,None,None,None,None,None,None,None
None,None,None,None,None,None,None,None,None,None
None,None,None,None,None,None,None,None,None,None
None,None,None,None,None,None,None,None,None,None
None,None,None,None,None,None,None,None,None,None
None,None,None,None,None,None,None,None,None,None
None,None,None,None,None,None,None,None,None,None
None,None,None,None,None,None,None,None,None,None
None,None,None,None,None,None,None,None,None,None
None,None,None,None,None,None,None,None,None,None
None,None,None,None,None,None,None,None,None,None
None,None,None,None,None,None,None,None,None,None
None,None,None,None,None,None,None,None,None,None
None,None,None,None,None,None,None,None,None,None
None,None,None,None,None,None,None,None,None,None
None,None,None,None,None,None,None,None,None,None
None,None,None,None,None,None,None,None,None,None
None,None,None,None,None,None,None,None,None,None
None,None,None,None,None,None,None,None,None,None
None,None,None,None,None,None,None,None,None,None
None,None,None,None,None,None,None,None,None,None
None,None,None,None,None,None,None,None,None,None
None,None,None,None,None,None,None,None,None,None
None,None,None,None,None,None,None,None,None,None
None,None,None,None,None,None,None,None,None,None
None,None,None,None,None,None,None,None,None,None
None,None,None,None,None,None,None,None,None,None
None,None,None,None,None,None,None,None,None,None
None,None,None,None,None,None,None,None,None,None
None,None,None,None,None,None,None,None,None,None
None,None,None,None,None,None,None,None,None,None
None,None,None,None,None,None,None,None,None,None
None,None,None,None,None,None,None,None,None,None
None,None,None,None,None,None,None,None,None,None
None,None,None,None,None,None,None,None,None,None
None,None,None,None,None,None,None,None,None,None
None,None,None,None,None,None,None,None,None,None
None,None,None,None,None,None,None,None,None,None
None,None,None,None,None,None,None,None,None,None
None,None,None,None,None,None,None,None,None,None
None,None,None,None,None,None,None,None,None,None
None,None,None,None,None,None,None,None,None,None
None,None,None,None,None,None,None,None,None,None
None,None,None,None,None,None,None,None,None,None
None,None,None,None,None,None,None,None,None,None
None,None,None,None,None,None,None,None,None,None
None,None,None,None,None,None,None,None,None,None
None,None,None,None,None,None,None,None,None,None
None,None,None,None,None,None,None,None,None,None
None,None,None,None,None,None,None,None,None,None
None,None,None,None,None,None,None,None,None,None
None,None,None,None,None,None,None,None,None,None
None,None,None,None,None,None,None,None,None,None
None,None,None,None,None,None,None,None,None,None
None,None,None,None,None,None,None,None,None,None
None,None,None,None,None,None,None,None,None,None
None,None,None,None,None,None,None,None,None,None
None,None,None,None,None,None,None,None,None,None
None,None,None,None,None,None,None,None,None,None
None,None,None,None,None,None,None,None,None,None
None,None,None,None,None,None,None,None,None,None
None,None,None,None,None,None,None,None,None,None
None,None,None,None,None,None,None,None,None,None
None,None,None,None,None,None,None,None,None,None
None,None,None,None,None,None,None,None,None,None
None,None,None,None,None,None,None,None,None,None
None,None,None,None,None,None,None,None,None,None
None,None,None,None,None,None,None,None,None,None
None,None,None,None,None,None,None,None,None,None
None,None,None,None,None,None,None,None,None,None
None,None,None,None,None,None,None,None,None,None
None,None,None,None,None,None,None,None,None,None
None,None,None,None,None,None,None,None,None,None
None,None,None,None,None,None,None,None,None,None
None,None,None,None,None,None,None,None,None,None
None,None,None,None,None,None,None,None,None,None
None,None,None,None,None,None,None,None,None,None
None,None,None,None,None,None,None,None,None,None
None,None,None,None,None,None,None,None,None,None
None,None,None,None,None,None,None,None,None,None
None,None,None,None,None,None,None,None,None,None
None,None,None,None,None,None,None,None,None,None
None,None,None,None,None,None,None,None,None,None
None,None,None,None,None,None,None,None,None,None
None,None,None,None,None,None,None,None,None,None
None,None,None,None,None,None,None,None,None,None
None,None,None,None,None,None,None,None,None,None
None,None,None,None,None,None,None,None,None,None
None,None,None,None,None,None,None,None,None,None
None,None,None,None,None,None,None,None,None,None
None,None,None,None,None,None,None,None,None,None
None,None,None,None,None,None,None,None,None,None
None,None,None,None,None,None,None,None,None,None
None,None,None,None,None,None,None,None,None,None
None,None,None,None,None,None,None,None,None,None
None,None,None,None,None,None,None,None,None,None
None,None,None,None,None,None,None,None,None,None
None,None,None,None,None,None,None,None,None,None
None,None,None,None,None,None,None,None,None,None
None,None,None,None,None,None,None,None,None,None
None,None,None,None,None,None,None,None,None,None
None,None,None,None,None,None,None,None,None,None
None,None,None,None,None,None,None,None,None,None
None,None,None,None,None,None,None,None,None,None
None,None,None,None,None,None,None,None,None,None
None,None,None,None,None,None,None,None,None,None
None,None,None,None,None,None,None,None,None,None
None,None,None,None,None,None,None,None,None,None
None,None,None,None,None,None,None,None,None,None
None,None,None,None,None,None,None,None,None,None
None,None,None,None,None,None,None,None,None,None
None,None,None,None,None,None,None,None,None,None
None,None,None,None,None,None,None,None,None,None
None,None,None,None,None,None,None,None,None,None
None,None,None,None,None,None,None,None,None,None
None,None,None,None,None,None,None,None,None,None
None,None,None,None,None,None,None,None,None,None
None,None,None,None,None,None,None,None,None,None
None,None,None,None,None,None,None,None,None,None
None,None,None,None,None,None,None,None,None,None
None,None,None,None,None,None,None,None,None,None
None,None,None,None,None,None,None,None,None,None
None,None,None,None,None,None,None,None,None,None
None,None,None,None,None,None,None,None,None,None
None,None,None,None,None,None,None,None,None,None
None,None,None,None,None,None,None,None,None,None
None,None,None,None,None,None,None,None,None,None
None,None,None,None,None,None,None,None,None,None
None,None,None,None,None,None,None,None,None,None
None,None,None,None,None,None,None,None,None,None
None,None,None,None,None,None,None,None,None,None
None,None,None,None,None,None,None,None,None,None
None,None,None,None,None,None,None,None,None,None
None,None,None,None,None,None,None,None,None,None
None,None,None,None,None,None,None,None,None,None
None,None,None,None,None,None,None,None,None,None
None,None,None,None,None,None,None,None,None,None
None,None,None,None,None,None,None,None,None,None
None,None,None,None,None,None,None,None,None,None
None,None,None,None,None,None,None,None,None,None
None,None,None,None,None,None,None,None,None,None
None,None,None,None,None,None,None,None,None,None
None,None,None,None,None,None,None,None,None,None
None,None,None,None,None,None,None,None,None,None
None,None,None,None,None,None,None,None,None,None
None,None,None,None,None,None,None,None,None,None
None,None,None,None,None,None,None,None,None,None
None,None,None,None,None,None,None,None,None,None
None,None,None,None,None,None,None,None,None,None
None,None,None,None,None,None,None,None,None,None
None,None,None,None,None,None,None,None,None,None
None,None,None,None,None,None,None,None,None,None
None,None,None,None,None,None,None,None,None,None
None,None,None,None,None,None,None,None,None,None
None,None,None,None,None,None,None,None,None,None
None,None,None,None,None,None,None,None,None,None
None,None,None,None,None,None,None,None,None,None
None,None,None,None,None,None,None,None,None,None
None,None,None,None,None,None,None,None,None,None
None,None,None,None,None,None,None,None,None,None
None,None,None,None,None,None,None,None,None,None
None,None,None,None,None,None,None,None,None,None
None,None,None,None,None,None,None,None,None,None
None,None,None,None,None,None,None,None,None,None
None,None,None,None,None,None,None,None,None,None
None,None,None,None,None,None,None,None,None,None
None,None,None,None,None,None,None,None,None,None
None,None,None,None,None,None,None,None,None,None
None,None,None,None,None,None,None,None,None,None
None,None,None,None,None,None,None,None,None,None
None,None,None,None,None,None,None,None,None,None
None,None,None,None,None,None,None,None,None,None
None,None,None,None,None,None,None,None,None,None
None,None,None,None,None,None,None,None,None,None
None,None,None,None,None,None,None,None,None,None
None,None,None,None,None,None,None,None,None,None
None,None,None,None,None,None,None,None,None,None
None,None,None,None,None,None,None,None,None,None
None,None,None,None,None,None,None,None,None,None
None,None,None,None,None,None,None,None,None,None
None,None,None,None,None,None,None,None,None,None
None,None,None,None,None,None,None,None,None,None
None,None,None,None,None,None,None,None,None,None
None,None,None,None,None,None,None,None,None,None
None,None,None,None,None,None,None,None,None,None
None,None,None,None,None,None,None,None,None,None
None,None,None,None,None,None,None,None,None,None
None,None,None,None,None,None,None,None,None,None
None,None,None,None,None,None,None,None,None,None
None,None,None,None,None,None,None,None,None,None
None,None,None,None,None,None,None,None,None,None
None,None,None,None,None,None,None,None,None,None
None,None,None,None,None,None,None,None,None,None
None,None,None,None,None,None,None,None,None,None
None,None,None,None,None,None,None,None,None,None
None,None,None,None,None,None,None,None,None,None
None,None,None,None,None,None,None,None,None,None
None,None,None,None,None,None,None,None,None,None
None,None,None,None,None,None,None,None,None,None
None,None,None,None,None,None,None,None,None,None
None,None,None,None,None,None,None,None,None,None
None,None,None,None,None,None,None,None,None,None
None,None,None,None,None,None,None,None,None,None
None,None,None,None,None,None,None,None,None,None
None,None,None,None,None,None,None,None,None,None
None,None,None,None,None,None,None,None,None,None
None,None,None,None,None,None,None,None,None,None
None,None,None,None,None,None,None,None,None,None
None,None,None,None,None,None,None,None,None,None
None,None,None,None,None,None,None,None,None,None
None,None,None,None,None,None,None,None,None,None
None,None,None,None,None,None,None,None,None,None
None,None,None,None,None,None,None,None,None,None
None,None,None,None,None,None,None,None,None,None
None,None,None,None,None,None,None,None,None,None
None,None,None,None,None,None,None,None,None,None
None,None,None,None,None,None,None,None,None,None
None,None,None,None,None,None,None,None,None,None
None,None,None,None,None,None,None,None,None,None
None,None,None,None,None,None,None,None,None,None
None,None,None,None,None,None,None,None,None,None
None,None,None,None,None,None,None,None,None,None
None,None,None,None,None,None,None,None,None,None
None,None,None,None,None,None,None,None,None,None
None,None,None,None,None,None,None,None,None,None
None,None,None,None,None,None,None,None,None,None
None,None,None,None,None,None,None,None,None,None
None,None,None,None,None,None,None,None,None,None
None,None,None,None,None,None,None,None,None,None
None,None,None,None,None,None,None,None,None,None
None,None,None,None,None,None,None,None,None,None
None,None,None,None,None,None,None,None,None,None
None,None,None,None,None,None,None,None,None,None
None,None,None,None,None,None,None,None,None,None
None,None,None,None,None,None,None,None,None,None
None,None,None,None,None,None,None,None,None,None
None,None,None,None,None,None,None,None,None,None
None,None,None,None,None,None,None,None,None,None
None,None,None,None,None,None,None,None,None,None
None,None,None,None,None,None,None,None,None,None
None,None,None,None,None,None,None,None,None,None
None,None,None,None,None,None,None,None,None,None
None,None,None,None,None,None,None,None,None,None
None,None,None,None,None,None,None,None,None,None
None,None,None,None,None,None,None,None,None,None
None,None,None,None,None,None,None,None,None,None
None,None,None,None,None,None,None,None,None,None
None,None,None,None,None,None,None,None,None,None
None,None,None,None,None,None,None,None,None,None
None,None,None,None,None,None,None,None,None,None
None,None,None,None,None,None,None,None,None,None
None,None,None,None,None,None,None,None,None,None
None,None,None,None,None,None,None,None,None,None
None,None,None,None,None,None,None,None,None,None
None,None,None,None,None,None,None,None,None,None
None,None,None,None,None,None,None,None,None,None
None,None,None,None,None,None,None,None,None,None
None,None,None,None,None,None,None,None,None,None
None,None,None,None,None,None,None,None,None,None
None,None,None,None,None,None,None,None,None,None
None,None,None,None,None,None,None,None,None,None
None,None,None,None,None,None,None,None,None,None
None,None,None,None,None,None,None,None,None,None
None,None,None,None,None,None,None,None,None,None
None,None,None,None,None,None,None,None,None,None
None,None,None,None,None,None,None,None,None,None
None,None,None,None,None,None,None,None,None,None
None,None,None,None,None,None,None,None,None,None
None,None,None,None,None,None,None,None,None,None
None,None,None,None,None,None,None,None,None,None
None,None,None,None,None,None,None,None,None,None
None,None,None,None,None,None,None,None,None,None
None,None,None,None,None,None,None,None,None,None
None,None,None,None,None,None,None,None,None,None
None,None,None,None,None,None,None,None,None,None
None,None,None,None,None,None,None,None,None,None
None,None,None,None,None,None,None,None,None,None
None,None,None,None,None,None,None,None,None,None
None,None,None,None,None,None,None,None,None,None
None,None,None,None,None,None,None,None,None,None
None,None,None,None,None,None,None,None,None,None
None,None,None,None,None,None,None,None,None,None
None,None,None,None,None,None,None,None,None,None
None,None,None,None,None,None,None,None,None,None
None,None,None,None,None,None,None,None,None,None
None,None,None,None,None,None,None,None,None,None
None,None,None,None,None,None,None,None,None,None
None,None,None,None,None,None,None,None,None,None
None,None,None,None,None,None,None,None,None,None
None,None,None,None,None,None,None,None,None,None
None,None,None,None,None,None,None,None,None,None
None,None,None,None,None,None,None,None,None,None
None,None,None,None,None,None,None,None,None,None
None,None,None,None,None,None,None,None,None,None
None,None,None,None,None,None,None,None,None,None
None,None,None,None,None,None,None,None,None,None
None,None,None,None,None,None,None,None,None,None
None,None,None,None,None,None,None,None,None,None
None,None,None,None,None,None,None,None,None,None
None,None,None,None,None,None,None,None,None,None
None,None,None,None,None,None,None,None,None,None
None,None,None,None,None,None,None,None,None,None
None,None,None,None,None,None,None,None,None,None
None,None,None,None,None,None,None,None,None,None
None,None,None,None,None,None,None,None,None,None
None,None,None,None,None,None,None,None,None,None
None,None,None,None,None,None,None,None,None,None
None,None,None,None,None,None,None,None,None,None
None,None,None,None,None,None,None,None,None,None
None,None,None,None,None,None,None,None,None,None
None,None,None,None,None,None,None,None,None,None
None,None,None,None,None,None,None,None,None,None
None,None,None,None,None,None,None,None,None,None
None,None,None,None,None,None,None,None,None,None
None,None,None,None,None,None,None,None,None,None
None,None,None,None,None,None,None,None,None,None
None,None,None,None,None,None,None,None,None,None
None,None,None,None,None,None,None,None,None,None
None,None,None,None,None,None,None,None,None,None
None,None,None,None,None,None,None,None,None,None
None,None,None,None,None,None,None,None,None,None
None,None,None,None,None,None,None,None,None,None
None,None,None,None,None,None,None,None,None,None
None,None,None,None,None,None,None,None,None,None
None,None,None,None,None,None,None,None,None,None
None,None,None,None,None,None,None,None,None,None
None,None,None,None,None,None,None,None,None,None
None,None,None,None,None,None,None,None,None,None
None,None,None,None,None,None,None,None,None,None
None,None,None,None,None,None,None,None,None,None
None,None,None,None,None,None,None,None,None,None
None,None,None,None,None,None,None,None,None,None
None,None,None,None,None,None,None,None,None,None
None,None,None,None,None,None,None,None,None,None
None,None,None,None,None,None,None,None,None,None
None,None,None,None,None,None,None,None,None,None
None,None,None,None,None,None,None,None,None,None
None,None,None,None,None,None,None,None,None,None
None,None,None,None,None,None,None,None,None,None
None,None,None,None,None,None,None,None,None,None
None,None,None,None,None,None,None,None,None,None
None,None,None,None,None,None,None,None,None,None
None,None,None,None,None,None,None,None,None,None
None,None,None,None,None,None,None,None,None,None
None,None,None,None,None,None,None,None,None,None
None,None,None,None,None,None,None,None,None,None
None,None,None,None,None,None,None,None,None,None
None,None,None,None,None,None,None,None,None,None
None,None,None,None,None,None,None,None,None,None
None,None,None,None,None,None,None,None,None,None
None,None,None,None,None,None,None,None,None,None
None,None,None,None,None,None,None,None,None,None
None,None,None,None,None,None,None,None,None,None
None,None,None,None,None,None,None,None,None,None
None,None,None,None,None,None,None,None,None,None
None,None,None,None,None,None,None,None,None,None
None,None,None,None,None,None,None,None,None,None
None,None,None,None,None,None,None,None,None,None
None,None,None,None,None,None,None,None,None,None
None,None,None,None,None,None,None,None,None,None
None,None,None,None,None,None,None,None,None,None
None,None,None,None,None,None,None,None,None,None
None,None,None,None,None,None,None,None,None,None
None,None,None,None,None,None,None,None,None,None
None,None,None,None,None,None,None,None,None,None
None,None,None,None,None,None,None,None,None,None
None,None,None,None,None,None,None,None,None,None
None,None,None,None,None,None,None,None,None,None
None,None,None,None,None,None,None,None,None,None
None,None,None,None,None,None,None,None,None,None
None,None,None,None,None,None,None,None,None,None
None,None,None,None,None,None,None,None,None,None
None,None,None,None,None,None,None,None,None,None
None,None,None,None,None,None,None,None,None,None
None,None,None,None,None,None,None,None,None,None
None,None,None,None,None,None,None,None,None,None
None,None,None,None,None,None,None,None,None,None
None,None,None,None,None,None,None,None,None,None
None,None,None,None,None,None,None,None,None,None
None,None,None,None,None,None,None,None,None,None
None,None,None,None,None,None,None,None,None,None
None,None,None,None,None,None,None,None,None,None
None,None,None,None,None,None,None,None,None,None
None,None,None,None,None,None,None,None,None,None
None,None,None,None,None,None,None,None,None,None
None,None,None,None,None,None,None,None,None,None
None,None,None,None,None,None,None,None,None,None
None,None,None,None,None,None,None,None,None,None
None,None,None,None,None,None,None,None,None,None
None,None,None,None,None,None,None,None,None,None
None,None,None,None,None,None,None,None,None,None
None,None,None,None,None,None,None,None,None,None
None,None,None,None,None,None,None,None,None,None
None,None,None,None,None,None,None,None,None,None
None,None,None,None,None,None,None,None,None,None
None,None,None,None,None,None,None,None,None,None
None,None,None,None,None,None,None,None,None,None
None,None,None,None,None,None,None,None,None,None
None,None,None,None,None,None,None,None,None,None
None,None,None,None,None,None,None,None,None,None
None,None,None,None,None,None,None,None,None,None
None,None,None,None,None,None,None,None,None,None
None,None,None,None,None,None,None,None,None,None
None,None,None,None,None,None,None,None,None,None
None,None,None,None,None,None,None,None,None,None
None,None,None,None,None,None,None,None,None,None
None,None,None,None,None,None,None,None,None,None
None,None,None,None,None,None,None,None,None,None
None,None,None,None,None,None,None,None,None,None
None,None,None,None,None,None,None,None,None,None
None,None,None,None,None,None,None,None,None,None
None,None,None,None,None,None,None,None,None,None
None,None,None,None,None,None,None,None,None,None
None,None,None,None,None,None,None,None,None,None
None,None,None,None,None,None,None,None,None,None
None,None,None,None,None,None,None,None,None,None
None,None,None,None,None,None,None,None,None,None
None,None,None,None,None,None,None,None,None,None
None,None,None,None,None,None,None,None,None,None
None,None,None,None,None,None,None,None,None,None
None,None,None,None,None,None,None,None,None,None
None,None,None,None,None,None,None,None,None,None
None,None,None,None,None,None,None,None,None,None
None,None,None,None,None,None,None,None,None,None
None,None,None,None,None,None,None,None,None,None
None,None,None,None,None,None,None,None,None,None
None,None,None,None,None,None,None,None,None,None
None,None,None,None,None,None,None,None,None,None
None,None,None,None,None,None,None,None,None,None
None,None,None,None,None,None,None,None,None,None
None,None,None,None,None,None,None,None,None,None
None,None,None,None,None,None,None,None,None,None
None,None,None,None,None,None,None,None,None,None
None,None,None,None,None,None,None,None,None,None
None,None,None,None,None,None,None,None,None,None
None,None,None,None,None,None,None,None,None,None
None,None,None,None,None,None,None,None,None,None
None,None,None,None,None,None,None,None,None,None
None,None,None,None,None,None,None,None,None,None
